country,continent,1960,1961,1962,1963,1964,1965,1966,1967,1968,1969,1970,1971,1972,1973,1974,1975,1976,1977,1978,1979,1980,1981,1982,1983,1984,1985,1986,1987,1988,1989,1990,1991,1992,1993,1994,1995,1996,1997,1998,1999,2000,2001,2002,2003,2004,2005,2006,2007,2008,2009,2010,2011,2012,2013,2014,2015,2016,2017,2018,2019
Algeria,Africa,2480,2090,1640,2150,2210,2290,2120,2260,2430,2560,2710,2340,2900,2930,3060,3120,3290,3370,3570,3730,3640,3640,3750,3830,3930,3950,3850,3720,3580,3640,3570,3440,3420,3280,3180,3240,3320,3300,3410,3470,3560,3620,3770,3990,4110,4290,4300,4380,4410,4400,4480,4520,4590,4620,4700,4780,4830,4790,4760,4710
Angola,Africa,3180,3180,3180,3180,3180,3180,3180,3180,3180,3180,3180,3180,3180,3180,3180,3180,3180,3180,3180,3180,3180,2930,2830,2850,2910,2910,2890,2900,2980,2880,2690,2620,2390,1760,1730,1920,2110,2200,2230,2200,2200,2210,2430,2420,2600,2880,3100,3410,3650,3550,3590,3580,3750,3800,3840,3750,3530,3410,3230,3100
Argentina,South America,5640,5850,5710,5320,5770,6290,6150,6260,6460,6980,7080,7370,7370,7450,7740,7620,7350,7740,7290,7910,7910,7380,7210,7400,7400,6900,7210,7290,7100,6500,6250,6720,7160,7640,7990,7670,7990,8540,8770,8380,8220,7780,6850,7380,7960,8580,9170,9900,10200,9500,10400,10900,10600,10800,10400,10600,10200,10400,10000,9730
Australia,Australia/Oceania,19400,19500,19200,20100,21000,21900,21900,23000,23700,24900,26100,26300,26800,27100,27500,27500,27900,28600,28500,29400,29900,30400,30900,29900,30900,32000,32800,33100,34500,35200,35900,35300,35000,36100,37100,38100,39100,40200,41600,43200,44300,44600,45800,46600,47900,48800,49400,51000,51800,51800,52000,52600,53700,54100,54700,55100,55700,56100,56900,57100
Austria,Europe,13000,13700,14000,14400,15200,15600,16400,16800,17400,18500,19600,20500,21600,22600,23400,23400,24500,25700,25700,27100,27600,27500,28000,28900,28900,29600,30300,30700,31600,32700,33900,34700,35000,34900,35600,36500,37300,38100,39400,40700,42000,42400,42900,43100,44000,44600,46000,47500,48100,46100,46900,48100,48200,47900,47800,47800,48300,49100,50100,50700
Azerbaijan,Asia,3170,3170,3170,3170,3170,3170,3170,3170,3170,3170,3170,3170,3170,3170,3170,3170,3170,3170,3170,3170,3170,3170,3170,3170,3170,3170,3170,3170,3170,3170,3170,3100,2360,1790,1420,1230,1240,1300,1410,1510,1660,1810,1960,2150,2330,2950,3920,4860,5270,5640,5840,5680,5720,5980,6070,6060,5810,5760,5800,5880
Bangladesh,Asia,372,384,394,381,411,405,402,382,406,399,411,381,322,328,354,333,344,344,359,366,359,375,374,378,386,389,394,399,398,399,411,416,429,439,447,460,470,481,496,508,525,541,552,568,588,618,650,687,720,748,781,822,866,907,951,1000,1060,1130,1200,1290
Belarus,Europe,3100,3100,3100,3100,3100,3100,3100,3100,3100,3100,3100,3100,3100,3100,3100,3100,3100,3100,3100,3100,3100,3100,3100,3100,3100,3100,3100,3100,3100,3100,3100,3060,2760,2550,2250,2020,2090,2340,2540,2640,2810,2960,3130,3370,3780,4160,4610,5030,5560,5580,6030,6370,6480,6540,6650,6380,6220,6380,6590,6680
Belgium,Europe,13000,13600,14300,14800,15700,16100,16500,17000,17700,18800,19800,20600,21600,22900,23800,23300,24600,24700,25400,25900,27100,27000,27200,27200,27900,28400,28900,29500,30800,31800,32700,33100,33500,33100,34000,34800,35200,36400,37000,38300,39600,39900,40400,40600,41900,42600,43400,44700,44600,43300,44100,44300,44400,44400,44900,45500,45900,46600,47100,47500
Benin,Africa,712,724,689,710,745,770,783,776,790,796,795,766,798,809,816,758,746,763,753,781,812,869,864,803,843,880,874,836,839,790,834,840,835,854,842,863,873,895,904,924,950,971,985,989,1000,989,999,1030,1050,1040,1040,1040,1060,1100,1140,1130,1130,1170,1210,1260
Bolivia,South America,1010,1010,1040,1090,1110,1140,1200,1250,1330,1360,1400,1440,1520,1570,1580,1660,1700,1750,1740,1710,1650,1620,1520,1430,1400,1350,1290,1290,1300,1320,1360,1400,1390,1420,1460,1490,1530,1570,1620,1590,1600,1600,1610,1620,1660,1700,1750,1800,1880,1910,1960,2020,2090,2200,2290,2360,2430,2490,2560,2580
Brazil,South America,3420,3660,3740,3660,3690,3690,3740,3820,4150,4440,4700,5110,5590,6220,6620,6810,7300,7450,7510,7840,8350,7800,7660,7230,7440,7860,8320,8450,8280,8390,7980,7960,7790,8020,8310,8540,8590,8740,8640,8550,8800,8800,8950,8940,9350,9540,9810,10300,10700,10600,11300,11600,11700,12000,12000,11400,11000,11000,11100,11100
Burkina Faso,Africa,269,276,289,281,284,290,287,307,312,313,308,306,308,304,323,327,348,342,351,356,351,357,382,374,358,378,398,387,399,397,384,408,398,401,395,406,439,454,473,494,489,507,514,538,546,576,594,600,616,616,648,670,692,711,720,727,748,771,801,822
Burundi,Africa,213,181,193,197,205,209,213,237,230,221,264,267,247,262,257,255,270,294,284,282,277,303,292,295,288,313,314,322,329,325,328,337,333,306,289,262,238,232,241,235,229,229,232,223,226,221,226,226,229,230,234,236,239,243,245,228,220,214,211,208
Cambodia,Asia,510,510,510,510,510,510,510,510,510,510,510,510,510,510,510,510,510,510,510,510,510,510,510,510,510,510,510,510,510,510,510,510,510,510,321,342,351,355,362,398,431,454,475,507,550,613,669,726,764,753,786,828,874,923,973,1020,1080,1140,1200,1270
Cameroon,Africa,957,949,957,971,984,981,1000,872,905,926,931,939,939,963,1040,1120,1030,1140,1350,1390,1320,1500,1570,1620,1690,1770,1830,1740,1550,1480,1340,1250,1180,1060,1050,1060,1070,1100,1120,1140,1150,1170,1180,1200,1250,1240,1250,1280,1290,1280,1290,1300,1330,1360,1400,1440,1470,1480,1500,1520
Canada,North America,22800,22800,22800,22800,22800,22800,22800,22800,22800,22800,22800,23100,24100,25400,25900,25800,27000,27600,28300,29100,29400,30000,28700,29200,30600,31800,32100,33000,34000,34200,33700,32600,32500,33000,34100,34700,34900,36000,36700,37800,39300,39500,40400,41500,42800,44500,45900,48500,48500,46500,47400,48500,48800,49400,50300,50300,50200,51200,51500,51600
Chad,Africa,697,693,716,691,660,652,628,621,607,636,635,607,599,536,550,586,592,593,579,446,411,406,418,472,470,557,519,491,549,557,517,544,569,464,495,485,479,489,505,484,462,497,519,573,737,834,810,809,806,813,893,864,909,929,961,957,869,818,812,814
Chile,South America,3610,3720,3790,3940,3960,3920,4280,4360,4440,4540,4550,4900,4770,4460,4500,3860,3940,4290,4550,4860,5170,5430,4770,4470,4580,4700,4880,5110,5400,5840,5930,6290,6880,7210,7460,8000,8430,8930,9200,9050,9420,9620,9810,10100,10700,11200,11800,12300,12600,12200,12800,13500,14000,14500,14600,14700,14800,14700,15100,15100
China,Asia,192,141,132,142,164,187,202,185,173,197,229,238,241,254,254,272,263,280,307,326,347,360,387,423,480,538,577,634,694,712,729,786,887,998,1120,1220,1330,1440,1540,1640,1770,1900,2060,2250,2470,2730,3060,3480,3800,4130,4550,4960,5330,5710,6100,6500,6910,7350,7810,8250
Colombia,South America,2340,2380,2430,2440,2510,2520,2580,2610,2690,2780,2880,2980,3130,3270,3380,3390,3470,3530,3750,3860,3930,3930,3890,3860,3910,3950,4090,4220,4310,4370,4470,4470,4560,4710,4890,5060,5070,5150,5090,4800,4860,4870,4910,5030,5230,5400,5690,6000,6130,6130,6340,6710,6910,7200,7450,7580,7630,7620,7700,7840
"Congo, Dem. Rep.",Africa,1040,903,1070,1090,1040,1020,1060,1020,1030,1100,1070,1100,1070,1130,1130,1050,965,945,869,849,845,843,818,810,834,816,832,832,812,777,702,620,534,444,411,401,386,356,342,320,290,276,276,283,292,301,307,315,324,322,334,345,358,375,397,411,407,409,419,424
Cote d'Ivoire,Africa,1230,1300,1270,1400,1580,1470,1590,1600,1740,1830,1940,2030,2030,2050,2040,2110,2270,2330,2470,2420,2060,2040,1960,1800,1680,1690,1680,1610,1570,1560,1490,1440,1390,1330,1300,1350,1410,1410,1440,1420,1360,1330,1280,1230,1220,1220,1210,1200,1210,1220,1210,1130,1220,1300,1380,1460,1530,1600,1670,1740
Cuba,North America,2250,2250,2250,2250,2250,2250,2250,2250,2250,2250,2250,2400,2470,2510,2500,2700,2820,3030,3210,3220,3040,3620,3930,4130,4430,4470,4440,4290,4400,4390,4220,3740,3290,2790,2790,2850,3060,3130,3120,3300,3480,3580,3620,3750,3960,4390,4920,5290,5510,5600,5730,5890,6050,6200,6260,6520,6550,6670,6820,6820
Czech Republic,Europe,14000,14000,14000,14000,14000,14000,14000,14000,14000,14000,14000,14000,14000,14000,14000,14000,14000,14000,14000,14000,14000,14000,14000,14000,14000,14000,14000,14000,14000,14000,14000,12400,12300,12300,12700,13500,14000,14000,13900,14200,14800,15300,15600,16100,16900,18000,19200,20200,20500,19400,19800,20100,19900,19800,20300,21400,21900,22800,23300,23800
Dominican Republic,North America,1320,1250,1420,1460,1510,1280,1410,1410,1370,1480,1700,1830,1970,2160,2230,2290,2380,2440,2430,2480,2620,2670,2660,2720,2700,2590,2630,2830,2840,2910,2700,2670,2910,3070,3100,3210,3350,3590,3770,3930,4050,4090,4210,4100,4140,4470,4820,5110,5210,5190,5560,5660,5750,5960,6300,6660,7030,7270,7700,8010
Ecuador,South America,2240,2290,2330,2310,2410,2420,2340,2380,2360,2400,2490,2570,2620,2900,3140,3390,3540,3500,3610,3640,3680,3790,3720,3610,3610,3660,3700,3600,3720,3670,3720,3790,3780,3770,3840,3840,3830,3910,3950,3690,3660,3740,3830,3870,4110,4260,4370,4390,4600,4550,4630,4920,5120,5300,5410,5330,5180,5210,5180,5100
Egypt,Africa,578,592,599,644,699,715,732,719,689,708,730,743,748,758,753,803,889,947,1010,1030,1100,1150,1240,1270,1350,1400,1420,1440,1480,1510,1560,1540,1570,1590,1620,1660,1710,1760,1830,1900,1980,2010,2020,2050,2090,2150,2250,2370,2500,2570,2640,2640,2630,2630,2650,2700,2760,2820,2910,3010
Ethiopia,Africa,229,229,229,229,229,229,229,229,229,229,229,229,229,229,229,229,229,229,229,229,229,229,224,236,222,191,203,224,218,210,208,187,164,179,179,184,200,200,188,192,197,208,205,195,215,234,252,273,295,312,342,369,390,419,449,483,514,548,571,602
France,Europe,12700,13200,13900,14600,15300,15900,16600,17200,17900,19000,20000,20900,21600,22800,23700,23300,24200,24900,25800,26600,26900,27000,27600,27800,28000,28300,28800,29400,30600,31800,32500,32700,33000,32700,33300,33900,34300,35000,36100,37100,38300,38800,38900,39000,39800,40200,40900,41600,41500,40100,40600,41300,41300,41300,41500,41800,42100,43000,43700,44300
Germany,Europe,19700,19700,19700,19700,19700,19700,19700,19700,19700,19700,19700,20300,21000,22000,22200,22000,23200,24100,24800,25800,26100,26200,26200,26600,27500,28200,28800,29200,30100,31100,32400,33800,34200,33700,34400,34800,35000,35500,36300,36900,37900,38500,38400,38100,38500,38800,40400,41600,42100,39800,41500,44000,44100,44100,44900,45300,46000,46900,47500,47600
Ghana,Africa,1060,1060,1070,1080,1070,1060,985,991,972,1010,1080,1100,1050,1050,1090,931,879,882,939,897,881,828,749,694,731,746,762,776,796,813,816,835,842,858,862,874,891,905,924,942,953,967,986,1010,1040,1080,1120,1140,1210,1230,1300,1450,1540,1620,1630,1630,1640,1740,1810,1880
Greece,Europe,6260,7030,7010,7820,8520,9390,9930,10400,11100,12300,13400,14400,15700,16900,15800,16600,17500,17800,18800,19200,19100,18700,18400,18000,18300,18700,18700,18300,19000,19600,19400,19700,19700,19300,19600,19900,20400,21200,21900,22500,23300,24100,25000,26300,27600,27700,29200,30100,29900,28500,26900,24500,22800,22300,22600,22600,22700,23100,23500,24000
Guatemala,North America,1490,1510,1520,1610,1640,1670,1710,1730,1830,1870,1930,1990,2080,2170,2260,2250,2360,2490,2560,2610,2650,2590,2440,2310,2260,2180,2130,2140,2170,2190,2200,2220,2260,2290,2330,2380,2400,2440,2500,2540,2570,2570,2600,2610,2640,2670,2760,2870,2910,2870,2900,2970,3000,3060,3140,3210,3240,3290,3340,3410
Guinea,Africa,513,513,513,513,513,513,513,513,513,513,513,513,513,513,513,513,513,513,513,513,513,513,513,513,513,513,513,514,530,535,542,541,543,556,563,573,583,598,604,612,613,622,641,637,639,645,639,667,679,656,672,695,720,732,741,750,810,869,897,921
Haiti,North America,993,946,1000,963,929,931,908,872,883,900,889,931,925,952,990,984,1050,1060,1110,1170,1220,1160,1100,1080,1060,1040,1010,983,965,918,909,908,843,782,676,729,746,752,755,762,756,735,721,712,676,677,681,693,687,698,666,692,701,721,730,729,730,729,730,714
Honduras,North America,1100,1090,1120,1120,1150,1220,1250,1290,1330,1300,1310,1320,1360,1420,1360,1350,1450,1550,1590,1630,1590,1520,1450,1420,1460,1500,1530,1590,1570,1560,1560,1470,1510,1570,1530,1570,1560,1580,1600,1540,1610,1610,1630,1660,1720,1780,1850,1920,1960,1870,1900,1940,1980,2000,2030,2070,2110,2180,2220,2240
Hungary,Europe,8860,8860,8860,8860,8860,8860,8860,8860,8860,8860,8860,8860,8860,8860,8860,8860,8860,8860,8860,8860,8860,8860,8860,8860,8860,8860,8860,8860,8860,8860,8860,8860,8590,8550,8810,8960,8980,9280,9670,9990,10500,10900,11500,12000,12600,13100,13700,13700,13900,13000,13100,13400,13300,13600,14200,14700,15100,15800,16600,17500
India,Asia,330,336,339,352,370,353,345,365,369,385,396,394,382,386,382,407,404,424,438,405,423,438,443,464,471,485,497,505,542,562,581,576,595,611,639,675,712,727,758,810,827,852,869,922,979,1040,1110,1170,1190,1270,1360,1410,1470,1540,1640,1750,1880,1990,2090,2170
Indonesia,Asia,690,711,705,671,677,666,666,657,709,737,772,805,839,884,927,949,990,1050,1090,1150,1230,1300,1300,1320,1380,1390,1440,1480,1540,1620,1710,1790,1880,1970,2080,2220,2360,2430,2080,2070,2140,2190,2260,2340,2420,2520,2630,2760,2890,2980,3120,3270,3420,3560,3690,3820,3970,4120,4280,4450
Iran,Asia,2980,3240,3420,3580,3810,4350,4710,5120,5720,6480,7010,7810,8700,9190,9520,9020,10300,9540,7940,6860,4790,4370,5330,5560,4860,4770,4120,3990,3640,3730,4130,4540,4580,4560,4420,4460,4630,4590,4630,4610,4820,4790,5080,5450,5620,5740,5950,6370,6320,6310,6600,6700,6120,6040,6230,6070,6790,6950,6950,6950
Iraq,Asia,1450,1450,1450,1450,1450,1450,1450,1450,1450,1450,1470,1490,1500,1520,1700,1860,2100,2080,2360,2760,3350,3230,3250,2750,2640,2620,2680,2870,2810,2660,4090,1430,1850,2340,2350,2330,2510,2950,3850,4390,4320,4290,3880,2520,3790,3870,4180,4170,4440,4490,4660,4850,5320,5510,5340,5300,5930,5640,5480,5590
Israel,Asia,8790,9460,9930,10600,11000,11600,11300,11100,12700,14000,14000,15000,16400,16600,17200,17400,17000,16800,17400,18000,17900,18500,18500,18800,18700,19100,19600,20700,20900,20700,21500,21800,22700,23000,24100,25000,25600,26000,26400,26500,27700,27100,26600,26400,27000,27500,28600,29700,30000,29600,30700,31600,31700,32400,33000,33100,33700,34200,34700,35300
Italy,Europe,10900,11700,12300,12900,13200,13500,14200,15100,16000,16900,17700,17900,18500,19600,20600,20000,21400,21800,22400,23700,24500,24700,24700,25000,25800,26500,27300,28200,29300,30300,30900,31300,31600,31300,31900,32900,33300,33900,34500,35000,36300,37000,37100,36900,37200,37300,37900,38300,37700,35500,36000,36200,35000,34000,33700,34000,34500,35100,35400,35600
Japan,Asia,8610,9400,10100,10900,12000,12600,13800,15200,17100,18800,18700,19300,20700,22100,21500,21800,22500,23200,24200,25300,25900,26700,27400,28200,29300,30600,31500,32800,34900,36400,38100,39300,39500,39200,39400,40400,41500,41900,41300,41100,42200,42200,42200,42700,43700,44400,45000,45700,45200,42700,44500,44500,45300,46200,46500,47100,47400,48500,48800,49200
Jordan,Asia,1680,1680,1680,1680,1680,1680,1680,1680,1680,1680,1680,1680,1680,1680,1680,1680,2040,2110,2490,2640,3040,3070,3170,3110,3240,3220,3310,3280,3100,2570,2470,2390,2680,2650,2650,2710,2680,2700,2730,2770,2840,2930,3050,3100,3280,3430,3570,3700,3790,3800,3690,3590,3490,3410,3350,3310,3270,3260,3270,3280
Kazakhstan,Asia,5890,5890,5890,5890,5890,5890,5890,5890,5890,5890,5890,5890,5890,5890,5890,5890,5890,5890,5890,5890,5890,5890,5890,5890,5890,5890,5890,5890,5890,5890,5890,5210,4940,4510,4000,3740,3810,3940,3930,4080,4490,5110,5610,6110,6650,7230,7920,8520,8700,8570,9070,9600,9920,10400,10600,10600,10600,10900,11200,11500
Kenya,Africa,537,480,509,537,545,538,598,597,623,650,598,705,797,813,815,792,779,822,846,876,890,889,868,846,829,832,860,879,901,911,917,900,865,841,837,848,858,838,841,837,820,828,810,811,830,855,886,921,898,902,952,983,1000,1030,1060,1090,1130,1160,1200,1240
Madagascar,Africa,819,816,814,787,798,774,771,792,825,833,854,863,829,785,779,767,722,719,680,726,712,624,595,583,576,567,562,553,555,562,563,512,503,499,484,477,472,474,477,484,490,504,428,456,466,474,485,498,517,482,472,466,467,465,468,470,476,481,490,500
Malawi,Africa,238,251,246,237,237,263,290,304,290,299,293,332,343,342,357,368,375,382,406,411,401,371,371,375,382,383,362,347,337,325,332,353,325,355,318,367,387,392,396,397,393,364,361,373,383,385,393,419,438,461,479,488,483,494,508,508,506,513,515,524
Malaysia,Asia,1350,1410,1450,1510,1550,1620,1700,1720,1810,1850,1920,2060,2200,2400,2540,2500,2720,2860,2970,3170,3320,3460,3580,3720,3910,3770,3710,3790,4040,4280,4540,4840,5130,5500,5860,6280,6730,7040,6360,6590,7010,6890,7110,7370,7720,7970,8260,8610,8850,8560,9040,9370,9740,10100,10500,10900,11200,11700,12100,12500
Mali,Africa,341,341,341,341,341,341,341,341,349,345,361,364,379,367,355,389,435,454,440,477,448,445,404,403,394,465,471,464,491,504,482,528,498,501,506,497,518,530,555,571,555,622,622,658,648,668,676,677,686,696,710,711,685,680,708,730,749,766,778,793
Mexico,North America,3910,3980,4040,4230,4590,4760,4900,5030,5330,5350,5520,5560,5840,6120,6290,6470,6570,6620,7030,7520,8020,8490,8250,7780,7870,7870,7470,7450,7390,7550,7790,7970,8100,8120,8370,7720,8110,8530,8840,8950,9250,9090,8960,8970,9190,9270,9550,9620,9590,8950,9270,9480,9690,9690,9840,10000,10200,10300,10400,10300
Morocco,Africa,815,815,815,815,815,815,815,875,939,995,1020,1050,1060,1070,1110,1170,1260,1310,1310,1340,1350,1300,1380,1360,1420,1470,1570,1540,1680,1700,1730,1820,1750,1700,1850,1730,1910,1860,1970,1960,1980,2100,2130,2240,2320,2360,2510,2570,2690,2770,2840,2950,3000,3090,3130,3220,3210,3310,3360,3400
Mozambique,Africa,238,238,238,238,238,238,238,238,238,238,238,238,238,238,238,238,238,238,238,238,238,244,222,183,169,169,164,189,205,217,216,221,200,213,218,215,232,251,270,294,289,315,334,347,364,377,402,421,440,455,471,492,514,535,558,579,584,589,591,587
Myanmar,Asia,153,151,154,170,157,170,158,145,159,160,164,167,167,162,167,169,176,182,190,195,206,214,222,227,233,235,228,215,187,191,194,190,206,216,229,242,255,266,278,304,342,377,418,471,531,598,671,747,819,899,979,1030,1090,1170,1260,1340,1400,1480,1570,1610
Nepal,Asia,266,267,268,268,284,275,289,280,276,283,284,275,278,271,282,280,286,288,294,294,281,297,302,286,306,318,325,323,340,347,354,367,372,376,396,400,411,422,426,437,455,469,463,474,490,500,511,522,548,568,592,612,643,671,711,732,730,779,818,859
Netherlands,Europe,16400,16200,17100,17500,18700,20000,20300,21100,22200,23400,24500,25300,25900,27100,27800,27600,28600,29100,29700,30100,30300,29800,29300,29800,30600,31200,31900,32300,33200,34500,35700,36300,36600,36800,37700,38700,39800,41400,43000,44900,46400,47200,47000,46800,47600,48400,50000,51800,52700,50500,51000,51500,50800,50600,51100,51900,52700,53900,55000,55700
Niger,Africa,823,836,896,952,926,962,932,906,884,813,814,837,772,623,659,623,609,638,703,732,695,680,671,621,502,525,543,528,548,536,513,496,490,476,468,462,448,439,465,449,428,442,447,441,427,440,449,446,463,454,473,466,496,503,516,518,527,532,548,558
Nigeria,Africa,1370,1340,1370,1460,1500,1540,1440,1190,1150,1390,1700,1900,1920,1970,2130,1970,2090,2150,1960,2030,2060,1740,1580,1370,1320,1370,1330,1340,1400,1390,1520,1480,1510,1440,1380,1350,1370,1380,1380,1350,1380,1430,1610,1680,1790,1860,1920,1990,2070,2180,2290,2350,2380,2480,2560,2560,2460,2410,2400,2390
Pakistan,Asia,302,313,319,338,355,382,393,404,422,433,469,459,450,469,472,478,488,492,515,518,553,577,594,614,624,649,663,684,714,727,737,752,788,780,787,804,819,804,801,808,820,828,829,856,900,937,970,994,988,993,987,993,1010,1030,1050,1080,1120,1160,1200,1190
Papua New Guinea,Australia/Oceania,1010,1060,1100,1130,1200,1290,1340,1360,1390,1470,1590,1650,1710,1770,1780,1720,1620,1590,1680,1670,1590,1540,1510,1510,1470,1490,1520,1520,1530,1470,1390,1490,1660,1920,1980,1870,1970,1850,1730,1720,1640,1610,1570,1570,1580,1650,1700,1780,1740,1810,1950,1930,1980,2010,2240,2400,2450,2490,2420,2510
Peru,South America,2660,2780,2970,3010,3120,3200,3370,3400,3310,3330,3350,3410,3430,3550,3780,3840,3790,3710,3520,3570,3690,3800,3700,3240,3270,3270,3490,3750,3320,2850,2650,2650,2590,2670,2950,3110,3140,3280,3210,3200,3240,3220,3360,3460,3600,3800,4050,4360,4720,4730,5080,5360,5640,5920,6000,6110,6260,6310,6450,6490
Philippines,Asia,1100,1120,1140,1180,1180,1210,1220,1250,1270,1290,1310,1340,1370,1450,1460,1500,1590,1630,1670,1710,1750,1760,1780,1760,1590,1430,1440,1470,1530,1580,1590,1540,1510,1500,1530,1570,1620,1670,1620,1630,1670,1680,1710,1760,1840,1890,1960,2050,2110,2100,2220,2260,2380,2500,2610,2740,2890,3040,3190,3340
Poland,Europe,5950,5950,5950,5950,5950,5950,5950,5950,5950,5950,5950,5950,5950,5950,5950,5950,5950,5950,5950,5950,5950,5950,5950,5950,5950,5950,5950,5950,5950,5950,5950,5510,5630,5830,6120,6540,6930,7370,7710,8070,8530,8640,8820,9140,9610,9950,10600,11300,11800,12100,12600,13200,13400,13600,14100,14600,15100,15800,16700,17400
Portugal,Europe,4500,4710,4990,5260,5590,6030,6320,6840,7480,7710,8760,9380,10100,11300,11300,10400,10800,11200,11400,12000,12400,12500,12700,12600,12300,12600,13100,13900,15000,16000,16700,17400,17600,17300,17400,18100,18600,19400,20200,20900,21500,21800,21800,21500,21900,22000,22300,22800,22900,22100,22500,22100,21300,21300,21500,22000,22500,23400,24000,24600
Romania,Europe,5380,5380,5380,5380,5380,5380,5380,5380,5380,5380,5380,5380,5380,5380,5380,5380,5380,5380,5380,5380,5380,5380,5380,5380,5380,5380,5380,5380,5380,5380,5380,4730,4350,4420,4600,4900,5110,4870,4780,4770,4900,5220,5620,5800,6440,6780,7370,8020,8910,8490,8210,8420,8630,8970,9310,9710,10200,11000,11600,12100
Russia,Europe,9880,9880,9880,9880,9880,9880,9880,9880,9880,9880,9880,9880,9880,9880,9880,9880,9880,9880,9880,9880,9880,9880,9880,9880,9880,9880,9880,9880,9880,9880,9570,9060,7740,7070,6180,5930,5710,5800,5510,5880,6490,6850,7210,7770,8360,8930,9690,10500,11100,10200,10700,11100,11600,11700,11600,11400,11400,11600,11800,12000
Rwanda,Africa,353,331,361,320,275,288,300,312,323,348,357,351,342,343,338,321,371,366,387,418,440,449,442,454,419,420,422,401,401,391,381,382,427,420,221,303,332,354,355,344,353,369,408,410,434,467,498,523,566,585,612,645,683,698,723,768,793,803,849,905
Saudi Arabia,Asia,14300,14300,14300,14300,14300,14300,14300,14300,14300,14500,22100,25500,29900,35400,39200,33900,38000,38700,34800,36800,36700,35200,26200,20600,18500,15800,17600,15700,17000,16300,18100,20200,20300,19500,19100,18700,18800,18700,18900,17800,18400,17700,16700,18000,18900,19400,19400,19200,19800,18900,19300,20600,21000,20900,21100,21400,21300,20700,20800,20500
Senegal,Africa,1360,1360,1330,1310,1330,1310,1310,1260,1300,1180,1240,1200,1240,1140,1150,1200,1280,1210,1140,1190,1120,1140,1200,1100,1110,1110,1110,1140,1100,1110,1070,1070,1050,1030,1000,1030,1020,1030,1070,1110,1120,1140,1120,1160,1200,1240,1240,1260,1280,1270,1280,1260,1290,1290,1340,1380,1430,1500,1550,1580
Serbia,Europe,3060,3060,3060,3060,3060,3060,3060,3060,3060,3060,3060,3060,3060,3060,3060,3060,3060,3060,3060,3060,3060,3060,3060,3060,3060,3060,3060,3060,3060,3060,3060,3060,3060,3060,3060,3060,3260,3500,3630,3300,3520,3770,4010,4200,4580,4850,5120,5470,5810,5670,5740,5900,5890,6090,6020,6160,6390,6560,6890,7210
Sierra Leone,Africa,373,374,385,385,404,426,426,419,420,447,477,484,478,479,486,484,471,462,462,473,485,488,500,479,487,449,442,459,415,408,415,422,342,348,343,316,321,300,303,291,302,273,330,345,352,354,357,376,387,390,402,418,470,555,568,441,458,467,473,488
South Africa,Africa,4620,4690,4850,5080,5350,5530,5630,5880,5970,6090,6240,6340,6270,6390,6600,6540,6520,6360,6390,6470,6720,6900,6680,6380,6530,6280,6130,6110,6220,6230,6060,5850,5590,5520,5560,5620,5750,5790,5730,5780,5940,6020,6160,6270,6470,6730,7020,7300,7430,7220,7330,7450,7500,7560,7580,7560,7480,7480,7430,7350
South Korea,Asia,932,968,977,1040,1100,1160,1260,1350,1490,1670,1790,1940,2050,2310,2490,2640,2940,3250,3550,3800,3680,3880,4140,4630,5060,5400,5950,6640,7370,7810,8500,9320,9790,10400,11200,12200,13000,13700,12900,14300,15400,16000,17200,17600,18500,19200,20100,21200,21700,21700,23100,23800,24200,24900,25500,26100,26700,27500,28100,28600
Spain,Europe,7380,8170,8900,9670,10100,10600,11300,11600,12200,13200,13600,14000,15000,16000,16700,16600,17000,17300,17400,17200,17500,17300,17400,17700,17900,18300,18800,19800,20700,21700,22500,23000,23100,22800,23200,23700,24300,25100,26100,27100,28400,29300,29700,30000,30400,31000,31800,32300,32100,30600,30500,30100,29200,28900,29400,30500,31400,32300,32900,33300
Sri Lanka,Asia,586,586,594,595,604,605,620,644,666,701,712,706,690,724,738,769,780,805,835,873,909,946,971,1000,1040,1080,1110,1110,1120,1130,1190,1230,1270,1340,1400,1470,1510,1600,1670,1730,1830,1780,1840,1930,2020,2130,2280,2410,2540,2610,2800,3010,3290,3370,3510,3650,3770,3860,3950,4010
Sudan,Africa,876,854,889,840,808,839,786,775,767,755,776,770,709,692,747,837,946,972,884,812,797,827,847,835,768,698,715,795,772,819,755,791,821,837,823,850,876,943,957,960,993,1030,1060,1120,1130,1180,1260,1370,1440,1440,1400,1590,1750,1780,1780,1830,1870,1900,1810,1720
Sweden,Europe,18100,19000,19700,20600,21900,22500,22700,23300,24000,25100,26700,26700,27300,28300,29100,29700,29900,29400,29800,30900,31300,31400,31800,32400,33700,34400,35200,36300,37100,37800,37800,37100,36500,35500,36600,37900,38400,39600,41200,43000,44900,45500,46300,47200,49100,50300,52300,53700,53100,50300,52900,54100,53400,53600,54500,56300,56800,57500,57900,58000
Switzerland,Europe,49600,49600,49600,49600,49600,49600,49600,49600,49600,49600,49600,51300,52600,53800,54300,50300,49900,51300,51500,52700,54900,55500,54400,54500,56000,57800,58500,59100,60600,62700,64300,63000,62200,61600,61900,61800,61800,63100,64800,65600,67800,68300,67900,67400,68800,70500,72800,75100,75800,73200,74600,75000,75000,75500,76400,76600,77000,77700,79200,79400
Tajikistan,Asia,1380,1380,1380,1380,1380,1380,1380,1380,1380,1380,1380,1380,1380,1380,1380,1380,1380,1380,1380,1380,1380,1380,1380,1380,1380,1380,1380,1320,1460,1320,1280,1170,813,669,518,447,367,368,381,390,415,448,488,532,576,603,633,669,707,719,750,787,827,868,904,936,976,1020,1070,1120
Tanzania,Africa,494,494,494,494,494,494,494,494,494,494,494,494,494,494,494,494,494,494,494,494,494,494,494,494,494,494,494,494,494,497,516,509,495,484,477,479,488,493,500,512,522,540,562,583,610,637,660,685,704,720,743,777,788,817,846,872,904,937,959,985
Thailand,Asia,571,584,609,639,662,695,750,790,830,859,929,947,960,1030,1050,1070,1140,1230,1320,1360,1400,1460,1510,1560,1620,1670,1730,1860,2070,2280,2500,2690,2870,3080,3300,3530,3690,3550,3240,3350,3460,3540,3730,3970,4190,4340,4530,4750,4800,4740,5080,5090,5440,5560,5590,5740,5920,6140,6370,6500
Togo,Africa,375,416,427,444,498,559,589,594,595,631,622,602,630,638,654,655,627,657,713,659,733,686,638,581,591,603,592,577,597,604,587,570,535,445,501,526,557,617,584,580,559,548,554,577,557,517,517,497,503,517,534,553,574,593,612,631,649,661,677,696
Tunisia,Asia,1110,1110,1110,1110,1110,1110,1130,1110,1190,1220,1250,1360,1560,1520,1600,1680,1770,1790,1860,1940,2030,2080,2010,2050,2100,2160,2080,2170,2120,2110,2220,2260,2380,2390,2420,2430,2560,2670,2760,2900,3000,3090,3100,3230,3400,3490,3640,3840,3970,4040,4140,4020,4140,4220,4300,4310,4310,4340,4410,4410
Turkey,Asia,3180,3130,3230,3440,3540,3560,3860,3950,4120,4190,4220,4350,4560,4600,4740,4970,5360,5420,5380,5230,4990,5110,5170,5310,5540,5660,5940,6380,6400,6310,6770,6710,6930,7340,6890,7320,7730,8190,8240,7840,8240,7630,8000,8330,9010,9690,10300,10600,10600,9980,10700,11700,12000,12800,13300,13900,14100,14900,15100,15000
Uganda,Africa,401,401,401,401,401,401,401,401,401,401,401,401,401,401,401,401,401,401,401,401,401,401,401,411,396,371,359,361,377,387,398,406,406,426,439,475,503,513,523,549,549,560,590,609,630,649,696,732,771,797,816,865,870,872,886,900,910,910,931,957
Ukraine,Europe,4020,4020,4020,4020,4020,4020,4020,4020,4020,4020,4020,4020,4020,4020,4020,4020,4020,4020,4020,4020,4020,4020,4020,4020,4020,4020,4020,4020,4110,4240,3970,3620,3260,2800,2170,1920,1740,1700,1690,1700,1820,2010,2130,2350,2660,2760,2980,3230,3320,2840,2970,3140,3150,3160,3120,2830,2900,2990,3110,3220
United Arab Emirates,Asia,104000,104000,104000,104000,104000,104000,104000,104000,104000,104000,104000,104000,104000,104000,104000,104000,104000,109000,94700,103000,116000,113000,99300,89700,88600,80900,65000,63400,58100,61600,68800,65500,63900,61100,61800,62700,63100,64900,61800,60300,63300,60900,59200,60400,60300,56100,53300,47300,42500,36000,33900,34600,35400,37000,38500,40200,41000,41500,41300,41400
United Kingdom,Europe,13900,14200,14200,14800,15500,15800,15900,16300,17100,17300,17900,18500,19200,20400,19900,19600,20200,20700,21600,22300,21900,21700,22100,23100,23500,24500,25200,26500,27900,28600,28700,28300,28300,29000,30000,30700,31400,32500,33600,34600,35700,36600,37300,38300,39000,40000,40800,41500,41000,39000,39400,39700,40000,40600,41400,42000,42500,43000,43300,43700
United States,North America,17600,17700,18500,19000,19800,20800,21900,22200,23100,23600,23200,23700,24600,25800,25400,25100,26200,27200,28400,28900,28600,29000,28200,29300,31100,32100,32900,33800,34900,35800,36100,35500,36300,36800,37800,38400,39400,40600,41900,43400,44700,44700,45100,46000,47300,48500,49400,49900,49300,47600,48500,48900,49600,50200,51000,52100,52600,53400,54700,55700
Uzbekistan,Asia,1140,1140,1140,1140,1140,1140,1140,1140,1140,1140,1140,1140,1140,1140,1140,1140,1140,1140,1140,1140,1140,1140,1140,1140,1140,1140,1140,1140,1210,1220,1200,1170,1010,969,901,876,871,903,927,956,979,1010,1030,1070,1130,1200,1270,1370,1470,1560,1630,1710,1810,1920,2030,2140,2230,2290,2370,2460
Venezuela,South America,12500,12400,13000,13000,14000,14100,13800,13800,14300,14000,14600,14300,14100,14700,14600,14600,15200,15700,15700,15300,14300,13800,13200,12400,12200,11900,12400,12500,12900,11500,12000,12800,13300,13000,12500,12700,12400,12900,12700,11700,11900,12100,10800,9830,11400,12400,13400,14400,14900,14200,13800,14200,14700,14700,14000,14000,14000,14000,14000,14000
Vietnam,Asia,378,378,378,378,378,378,378,378,378,378,378,378,378,378,378,378,378,378,378,378,378,378,378,378,378,383,385,390,401,421,433,450,478,507,542,583,628,670,700,724,765,804,847,897,955,1020,1080,1150,1200,1250,1320,1390,1440,1510,1580,1670,1750,1850,1960,2080
Yemen,Asia,1000,1000,1000,1000,1000,1000,1000,1000,1000,1000,1000,1000,1000,1000,1000,1000,1000,1000,1000,1000,1000,1000,1000,,1000,1000,1000,1000,1000,1000,1000,1010,1040,1030,1050,1060,1070,1090,1120,1130,1170,1180,1190,1200,1210,1240,1250,1250,1260,1270,1330,1130,1130,1150,1120,785,694,643,633,633
Zambia,Africa,1500,1470,1390,1400,1520,1720,1570,1650,1620,1560,1580,1530,1610,1550,1590,1500,1540,1420,1380,1300,1290,1330,1250,1180,1140,1120,1090,1090,1120,1080,1040,1020,975,1020,907,910,941,951,921,938,949,973,991,1030,1080,1130,1180,1250,1310,1390,1490,1530,1590,1620,1640,1640,1650,1660,1680,1660
Zimbabwe,Africa,995,1020,1000,1030,985,999,981,1030,1010,1100,1310,1370,1440,1420,1460,1390,1350,1220,1150,1150,1270,1380,1360,1340,1260,1300,1280,1250,1310,1330,1390,1430,1270,1270,1360,1350,1470,1490,1520,1500,1450,1460,1330,1100,1030,971,932,890,726,803,948,1070,1220,1230,1230,1230,1220,1260,1310,1180
